{"keyFrames":[{"action":0,"animation":"TVOFF","duration":0.0,"endpos":[-24.28,5.76,-18.85],"endrotation":[-90.0,90.0,0.0],"endscale":[5,5,5],"loop":0,"name":"TV","startpos":[-24.28,5.76,-18.85],"startrotation":[-90.0,90.0,0.0],"startscale":[5,5,5],"timestamp":0.0,"type":3},{"action":2,"animation":"TVON","duration":0.0,"endpos":[-24.28,5.76,-18.85],"endrotation":[-90.0,90.0,0.0],"endscale":[5,5,5],"loop":0,"name":"TV","startpos":[-24.28,5.76,-18.85],"startrotation":[-90.0,90.0,0.0],"startscale":[5,5,5],"timestamp":2.0,"type":3},{"action":2,"animation":"TVOFF","duration":0.0,"endpos":[-24.28,5.76,-18.85],"endrotation":[-90.0,90.0,0.0],"endscale":[5,5,5],"loop":0,"name":"TV","startpos":[-24.28,5.76,-18.85],"startrotation":[-90.0,90.0,0.0],"startscale":[5,5,5],"timestamp":5.0,"type":3},{"action":2,"animation":"TVON","duration":0.0,"endpos":[-24.28,5.76,-18.85],"endrotation":[-90.0,90.0,0.0],"endscale":[5,5,5],"loop":0,"name":"TV","startpos":[-24.28,5.76,-18.85],"startrotation":[-90.0,90.0,0.0],"startscale":[5,5,5],"timestamp":10.0,"type":3},{"action":0,"animation":"TVOFF","duration":0.0,"endpos":[-65.0,6.0,-40.0],"endrotation":[-90.0,90.0,0.0],"endscale":[5,5,5],"loop":0,"name":"TV1","startpos":[-65.0,6.0,-40.0],"startrotation":[-90.0,90.0,0.0],"startscale":[5,5,5],"timestamp":0.0,"type":3},{"action":2,"animation":"TVON","duration":0.0,"endpos":[-65.0,6.0,-40.0],"endrotation":[-90.0,90.0,0.0],"endscale":[5,5,5],"loop":0,"name":"TV1","startpos":[-65.0,6.0,-40.0],"startrotation":[-90.0,90.0,0.0],"startscale":[5,5,5],"timestamp":26.0,"type":3},{"action":2,"animation":"TVOFF","duration":0.0,"endpos":[-65.0,6.0,-40.0],"endrotation":[-90.0,90.0,0.0],"endscale":[5,5,5],"loop":0,"name":"TV1","startpos":[-65.0,6.0,-40.0],"startrotation":[-90.0,90.0,0.0],"startscale":[5,5,5],"timestamp":28.0,"type":3},{"action":2,"animation":"TVON","duration":0.0,"endpos":[-65.0,6.0,-40.0],"endrotation":[-90.0,90.0,0.0],"endscale":[5,5,5],"loop":0,"name":"TV1","startpos":[-65.0,6.0,-40.0],"startrotation":[-90.0,90.0,0.0],"startscale":[5,5,5],"timestamp":30.0,"type":3},{"action":0,"animation":"TVOFF","duration":0.0,"endpos":[26.19,6.0,-35.0],"endrotation":[-90.0,90.0,0.0],"endscale":[5,5,5],"loop":0,"name":"TV2","startpos":[26.19,6.0,-35.0],"startrotation":[-90.0,90.0,0.0],"startscale":[5,5,5],"timestamp":0.0,"type":3},{"action":2,"animation":"TVON","duration":0.0,"endpos":[26.19,6.0,-35.0],"endrotation":[-90.0,90.0,0.0],"endscale":[5,5,5],"loop":0,"name":"TV2","startpos":[26.19,6.0,-35.0],"startrotation":[-90.0,90.0,0.0],"startscale":[5,5,5],"timestamp":47.0,"type":3},{"action":2,"animation":"TVOFF","duration":0.0,"endpos":[26.19,6.0,-35.0],"endrotation":[-90.0,90.0,0.0],"endscale":[5,5,5],"loop":0,"name":"TV2","startpos":[26.19,6.0,-35.0],"startrotation":[-90.0,90.0,0.0],"startscale":[5,5,5],"timestamp":50.0,"type":3},{"action":2,"animation":"TVON","duration":0.0,"endpos":[26.19,6.0,-35.0],"endrotation":[-90.0,90.0,0.0],"endscale":[5,5,5],"loop":0,"name":"TV2","startpos":[26.19,6.0,-35.0],"startrotation":[-90.0,90.0,0.0],"startscale":[5,5,5],"timestamp":55.0,"type":3},{"action":0,"animation":"Curtain","duration":0.0,"endpos":[-12.76,11.51,-49.29],"endrotation":[0.0,-90.0,0.0],"endscale":[3,3,3],"loop":0,"name":"Curtain1","startpos":[-12.76,11.51,-49.29],"startrotation":[0.0,-90.0,0.0],"startscale":[3,3,3],"timestamp":0.0,"type":1},{"action":2,"animation":"CloseCurtain","duration":0.0,"endpos":[-12.76,11.51,-49.29],"endrotation":[0.0,-90.0,0.0],"endscale":[3,3,3],"loop":0,"name":"Curtain1","startpos":[-12.76,11.51,-49.29],"startrotation":[0.0,-90.0,0.0],"startscale":[3,3,3],"timestamp":5.0,"type":1},{"action":2,"animation":"OpenCurtain","duration":0.0,"endpos":[-12.76,11.51,-49.29],"endrotation":[0.0,-90.0,0.0],"endscale":[3,3,3],"loop":0,"name":"Curtain1","startpos":[-12.76,11.51,-49.29],"startrotation":[0.0,-90.0,0.0],"startscale":[3,3,3],"timestamp":10.0,"type":1},{"action":2,"animation":"CloseCurtain","duration":0.0,"endpos":[-12.76,11.51,-49.29],"endrotation":[0.0,-90.0,0.0],"endscale":[3,3,3],"loop":0,"name":"Curtain1","startpos":[-12.76,11.51,-49.29],"startrotation":[0.0,-90.0,0.0],"startscale":[3,3,3],"timestamp":12.0,"type":1},{"action":0,"animation":"Curtain","duration":0.0,"endpos":[-14.82,11.51,-49.29],"endrotation":[0.0,-90.0,0.0],"endscale":[3,3,3],"loop":0,"name":"Curtain2","startpos":[14.82,11.51,-49.29],"startrotation":[0.0,-90.0,0.0],"startscale":[3,3,3],"timestamp":0.0,"type":1},{"action":2,"animation":"CloseCurtain","duration":0.0,"endpos":[-14.82,11.51,-49.29],"endrotation":[0.0,-90.0,0.0],"endscale":[3,3,3],"loop":0,"name":"Curtain2","startpos":[14.82,11.51,-49.29],"startrotation":[0.0,-90.0,0.0],"startscale":[3,3,3],"timestamp":6.0,"type":1},{"action":2,"animation":"OpenCurtain","duration":0.0,"endpos":[-14.82,11.51,-49.29],"endrotation":[0.0,-90.0,0.0],"endscale":[3,3,3],"loop":0,"name":"Curtain2","startpos":[14.82,11.51,-49.29],"startrotation":[0.0,-90.0,0.0],"startscale":[3,3,3],"timestamp":9.0,"type":1},{"action":2,"animation":"CloseCurtain","duration":0.0,"endpos":[-14.82,11.51,-49.29],"endrotation":[0.0,-90.0,0.0],"endscale":[3,3,3],"loop":0,"name":"Curtain2","startpos":[14.82,11.51,-49.29],"startrotation":[0.0,-90.0,0.0],"startscale":[3,3,3],"timestamp":15.0,"type":1},{"action":0,"animation":"AirOff","duration":0.0,"endpos":[-22.6,5.0,-5.18],"endrotation":[-90.0,90.0,0.0],"endscale":[6,6,6],"loop":0,"name":"Air","startpos":[-22.6,5.0,-5.18],"startrotation":[-90.0,90.0,0.0],"startscale":[6,6,6],"timestamp":0.0,"type":2},{"action":2,"animation":"AirCold","duration":0.0,"endpos":[-22.6,5.0,-5.18],"endrotation":[-90.0,90.0,0.0],"endscale":[6,6,6],"loop":0,"name":"Air","startpos":[-22.6,5.0,-5.18],"startrotation":[-90.0,90.0,0.0],"startscale":[6,6,6],"timestamp":5.0,"type":2},{"action":2,"animation":"AirHot","duration":0.0,"endpos":[-22.6,5.0,-5.18],"endrotation":[-90.0,90.0,0.0],"endscale":[6,6,6],"loop":0,"name":"Air","startpos":[-22.6,5.0,-5.18],"startrotation":[-90.0,90.0,0.0],"startscale":[6,6,6],"timestamp":10.0,"type":2},{"action":2,"animation":"AirCold","duration":0.0,"endpos":[-22.6,5.0,-5.18],"endrotation":[-90.0,90.0,0.0],"endscale":[6,6,6],"loop":0,"name":"Air","startpos":[-22.6,5.0,-5.18],"startrotation":[-90.0,90.0,0.0],"startscale":[6,6,6],"timestamp":15.0,"type":2},{"action":2,"animation":"AirOff","duration":0.0,"endpos":[-22.6,5.0,-5.18],"endrotation":[-90.0,90.0,0.0],"endscale":[6,6,6],"loop":0,"name":"Air","startpos":[-22.6,5.0,-5.18],"startrotation":[-90.0,90.0,0.0],"startscale":[6,6,6],"timestamp":16.0,"type":2},{"action":2,"animation":"AirCold","duration":0.0,"endpos":[-22.6,5.0,-5.18],"endrotation":[-90.0,90.0,0.0],"endscale":[6,6,6],"loop":0,"name":"Air","startpos":[-22.6,5.0,-5.18],"startrotation":[-90.0,90.0,0.0],"startscale":[6,6,6],"timestamp":18.0,"type":2},{"action":0,"animation":"AirOff","duration":0.0,"endpos":[-64.0,5.0,-10.0],"endrotation":[-90.0,90.0,0.0],"endscale":[6,6,6],"loop":0,"name":"Air1","startpos":[-64.0,5.0,-10.0],"startrotation":[-90.0,90.0,0.0],"startscale":[6,6,6],"timestamp":0.0,"type":2},{"action":2,"animation":"AirCold","duration":0.0,"endpos":[-64.0,5.0,-10.0],"endrotation":[-90.0,90.0,0.0],"endscale":[6,6,6],"loop":0,"name":"Air1","startpos":[-64.0,5.0,-10.0],"startrotation":[-90.0,90.0,0.0],"startscale":[6,6,6],"timestamp":26.0,"type":2},{"action":2,"animation":"AirHot","duration":0.0,"endpos":[-64.0,5.0,-10.0],"endrotation":[-90.0,90.0,0.0],"endscale":[6,6,6],"loop":0,"name":"Air1","startpos":[-64.0,5.0,-10.0],"startrotation":[-90.0,90.0,0.0],"startscale":[6,6,6],"timestamp":28.0,"type":2},{"action":2,"animation":"AirCold","duration":0.0,"endpos":[-64.0,5.0,-10.0],"endrotation":[-90.0,90.0,0.0],"endscale":[6,6,6],"loop":0,"name":"Air1","startpos":[-64.0,5.0,-10.0],"startrotation":[-90.0,90.0,0.0],"startscale":[6,6,6],"timestamp":30.0,"type":2},{"action":2,"animation":"AirOff","duration":0.0,"endpos":[-64.0,5.0,-10.0],"endrotation":[-90.0,90.0,0.0],"endscale":[6,6,6],"loop":0,"name":"Air1","startpos":[-64.0,5.0,-10.0],"startrotation":[-90.0,90.0,0.0],"startscale":[6,6,6],"timestamp":35.0,"type":2},{"action":2,"animation":"AirCold","duration":0.0,"endpos":[-64.0,5.0,-10.0],"endrotation":[-90.0,90.0,0.0],"endscale":[6,6,6],"loop":0,"name":"Air1","startpos":[-64.0,5.0,-10.0],"startrotation":[-90.0,90.0,0.0],"startscale":[6,6,6],"timestamp":37.0,"type":2},{"action":0,"animation":"AirOff","duration":0.0,"endpos":[28.0,5.0,-15.0],"endrotation":[-90.0,90.0,0.0],"endscale":[6,6,6],"loop":0,"name":"Air2","startpos":[28.0,5.0,-15.0],"startrotation":[-90.0,90.0,0.0],"startscale":[6,6,6],"timestamp":0.0,"type":2},{"action":2,"animation":"AirCold","duration":0.0,"endpos":[28.0,5.0,-15.0],"endrotation":[-90.0,90.0,0.0],"endscale":[6,6,6],"loop":0,"name":"Air2","startpos":[28.0,5.0,-15.0],"startrotation":[-90.0,90.0,0.0],"startscale":[6,6,6],"timestamp":42.0,"type":2},{"action":2,"animation":"AirHot","duration":0.0,"endpos":[28.0,5.0,-15.0],"endrotation":[-90.0,90.0,0.0],"endscale":[6,6,6],"loop":0,"name":"Air2","startpos":[28.0,5.0,-15.0],"startrotation":[-90.0,90.0,0.0],"startscale":[6,6,6],"timestamp":45.0,"type":2},{"action":2,"animation":"AirCold","duration":0.0,"endpos":[28.0,5.0,-15.0],"endrotation":[-90.0,90.0,0.0],"endscale":[6,6,6],"loop":0,"name":"Air2","startpos":[28.0,5.0,-15.0],"startrotation":[-90.0,90.0,0.0],"startscale":[6,6,6],"timestamp":47.0,"type":2},{"action":2,"animation":"AirOff","duration":0.0,"endpos":[28.0,5.0,-15.0],"endrotation":[-90.0,90.0,0.0],"endscale":[6,6,6],"loop":0,"name":"Air2","startpos":[28.0,5.0,-15.0],"startrotation":[-90.0,90.0,0.0],"startscale":[6,6,6],"timestamp":48.0,"type":2},{"action":2,"animation":"AirCold","duration":0.0,"endpos":[28.0,5.0,-15.0],"endrotation":[-90.0,90.0,0.0],"endscale":[6,6,6],"loop":0,"name":"Air2","startpos":[28.0,5.0,-15.0],"startrotation":[-90.0,90.0,0.0],"startscale":[6,6,6],"timestamp":55.0,"type":2},{"action":0,"animation":"LightOn","duration":0.0,"endpos":[17.0,12.0,-25.0],"endrotation":[0.0,0.0,0.0],"endscale":[6,6,6],"loop":0,"name":"Light1","startpos":[17.0,12.0,-25.0],"startrotation":[0.0,0.0,0.0],"startscale":[6,6,6],"timestamp":0.0,"type":0},{"action":2,"animation":"LightOff","duration":0.0,"endpos":[17.0,12.0,-25.0],"endrotation":[0.0,0.0,0.0],"endscale":[6,6,6],"loop":0,"name":"Light1","startpos":[17.0,12.0,-25.0],"startrotation":[0.0,0.0,0.0],"startscale":[6,6,6],"timestamp":1.0,"type":0},{"action":2,"animation":"LightOn","duration":0.0,"endpos":[17.0,12.0,-25.0],"endrotation":[0.0,0.0,0.0],"endscale":[6,6,6],"loop":0,"name":"Light1","startpos":[17.0,12.0,-25.0],"startrotation":[0.0,0.0,0.0],"startscale":[6,6,6],"timestamp":5.0,"type":0},{"action":0,"animation":"LightOn","duration":0.0,"endpos":[5.0,12.0,-25.0],"endrotation":[0.0,0.0,0.0],"endscale":[6,6,6],"loop":0,"name":"Light4","startpos":[5.0,12.0,-25.0],"startrotation":[0.0,0.0,0.0],"startscale":[6,6,6],"timestamp":0.0,"type":0},{"action":2,"animation":"LightOff","duration":0.0,"endpos":[5.0,12.0,-25.0],"endrotation":[0.0,0.0,0.0],"endscale":[6,6,6],"loop":0,"name":"Light4","startpos":[5.0,12.0,-25.0],"startrotation":[0.0,0.0,0.0],"startscale":[6,6,6],"timestamp":1.0,"type":0},{"action":2,"animation":"LightOn","duration":0.0,"endpos":[5.0,12.0,-25.0],"endrotation":[0.0,0.0,0.0],"endscale":[6,6,6],"loop":0,"name":"Light4","startpos":[5.0,12.0,-25.0],"startrotation":[0.0,0.0,0.0],"startscale":[6,6,6],"timestamp":5.0,"type":0},{"action":0,"animation":"LightOn","duration":0.0,"endpos":[29.0,12.0,-25.0],"endrotation":[0.0,0.0,0.0],"endscale":[6,6,6],"loop":0,"name":"Light5","startpos":[29.0,12.0,-25.0],"startrotation":[0.0,0.0,0.0],"startscale":[6,6,6],"timestamp":0.0,"type":0},{"action":2,"animation":"LightOff","duration":0.0,"endpos":[29.0,12.0,-25.0],"endrotation":[0.0,0.0,0.0],"endscale":[6,6,6],"loop":0,"name":"Light5","startpos":[29.0,12.0,-25.0],"startrotation":[0.0,0.0,0.0],"startscale":[6,6,6],"timestamp":2.0,"type":0},{"action":2,"animation":"LightOn","duration":0.0,"endpos":[29.0,12.0,-25.0],"endrotation":[0.0,0.0,0.0],"endscale":[6,6,6],"loop":0,"name":"Light5","startpos":[29.0,12.0,-25.0],"startrotation":[0.0,0.0,0.0],"startscale":[6,6,6],"timestamp":6.0,"type":0},{"action":0,"animation":"LightOn","duration":0.0,"endpos":[-35.0,12.0,-25.0],"endrotation":[0.0,0.0,0.0],"endscale":[6,6,6],"loop":0,"name":"Light2","startpos":[-35.0,12.0,-25.0],"startrotation":[0.0,0.0,0.0],"startscale":[6,6,6],"timestamp":0.0,"type":0},{"action":2,"animation":"LightOff","duration":0.0,"endpos":[-35.0,12.0,-25.0],"endrotation":[0.0,0.0,0.0],"endscale":[6,6,6],"loop":0,"name":"Light2","startpos":[-35.0,12.0,-25.0],"startrotation":[0.0,0.0,0.0],"startscale":[6,6,6],"timestamp":27.0,"type":0},{"action":2,"animation":"LightOn","duration":0.0,"endpos":[-35.0,12.0,-25.0],"endrotation":[0.0,0.0,0.0],"endscale":[6,6,6],"loop":0,"name":"Light2","startpos":[-35.0,12.0,-25.0],"startrotation":[0.0,0.0,0.0],"startscale":[6,6,6],"timestamp":24.0,"type":0},{"action":0,"animation":"LightOn","duration":0.0,"endpos":[-45.0,12.0,-25.0],"endrotation":[0.0,0.0,0.0],"endscale":[6,6,6],"loop":0,"name":"Light6","startpos":[-45.0,12.0,-25.0],"startrotation":[0.0,0.0,0.0],"startscale":[6,6,6],"timestamp":0.0,"type":0},{"action":2,"animation":"LightOff","duration":0.0,"endpos":[-45.0,12.0,-25.0],"endrotation":[0.0,0.0,0.0],"endscale":[6,6,6],"loop":0,"name":"Light6","startpos":[-45.0,12.0,-25.0],"startrotation":[0.0,0.0,0.0],"startscale":[6,6,6],"timestamp":27.0,"type":0},{"action":2,"animation":"LightOn","duration":0.0,"endpos":[-45.0,12.0,-25.0],"endrotation":[0.0,0.0,0.0],"endscale":[6,6,6],"loop":0,"name":"Light6","startpos":[-45.0,12.0,-25.0],"startrotation":[0.0,0.0,0.0],"startscale":[6,6,6],"timestamp":24.0,"type":0},{"action":0,"animation":"LightOn","duration":0.0,"endpos":[57.0,12.0,-20.0],"endrotation":[0.0,0.0,0.0],"endscale":[6,6,6],"loop":0,"name":"Light3","startpos":[57.0,12.0,-20.0],"startrotation":[0.0,0.0,0.0],"startscale":[6,6,6],"timestamp":0.0,"type":0},{"action":2,"animation":"LightOff","duration":0.0,"endpos":[57.0,12.0,-20.0],"endrotation":[0.0,0.0,0.0],"endscale":[6,6,6],"loop":0,"name":"Light3","startpos":[57.0,12.0,-20.0],"startrotation":[0.0,0.0,0.0],"startscale":[6,6,6],"timestamp":45.0,"type":0},{"action":2,"animation":"LightOn","duration":0.0,"endpos":[57.0,12.0,-20.0],"endrotation":[0.0,0.0,0.0],"endscale":[6,6,6],"loop":0,"name":"Light3","startpos":[57.0,12.0,-20.0],"startrotation":[0.0,0.0,0.0],"startscale":[6,6,6],"timestamp":47.0,"type":0},{"action":0,"animation":"LightOn","duration":0.0,"endpos":[70.0,12.0,-20.0],"endrotation":[0.0,0.0,0.0],"endscale":[6,6,6],"loop":0,"name":"Light7","startpos":[70.0,12.0,-20.0],"startrotation":[0.0,0.0,0.0],"startscale":[6,6,6],"timestamp":0.0,"type":0},{"action":2,"animation":"LightOff","duration":0.0,"endpos":[70.0,12.0,-20.0],"endrotation":[0.0,0.0,0.0],"endscale":[6,6,6],"loop":0,"name":"Light7","startpos":[70.0,12.0,-20.0],"startrotation":[0.0,0.0,0.0],"startscale":[6,6,6],"timestamp":46.0,"type":0},{"action":2,"animation":"LightOn","duration":0.0,"endpos":[70.0,12.0,-20.0],"endrotation":[0.0,0.0,0.0],"endscale":[6,6,6],"loop":0,"name":"Light7","startpos":[70.0,12.0,-20.0],"startrotation":[0.0,0.0,0.0],"startscale":[6,6,6],"timestamp":48.0,"type":0}]}